run,benchmark_id,benchmark_name,algorithm,seed,best_value,error,time
1,CEC2022_F3,CEC2022 F3 平移旋转 Schaffer's F7 函数,ABC,1388339901,600.0000007909271744,0.0000007909271744,3.144332
1,CEC2022_F3,CEC2022 F3 平移旋转 Schaffer's F7 函数,GABC,1388339901,600.0000002077299541,0.0000002077299541,2.521920
