run,benchmark_id,benchmark_name,algorithm,seed,best_value,error,time
1,CEC2022_F5,CEC2022 F5 平移旋转 Levy 函数,ABC,2444082541,1006.9597970411565484,106.9597970411565484,3.513857
1,CEC2022_F5,CEC2022 F5 平移旋转 Levy 函数,GABC,2444082541,945.4353810003798344,45.4353810003798344,3.119866
