run,benchmark_id,benchmark_name,algorithm,seed,best_value,error,time
1,CEC2022_F2,CEC2022 F2 平移旋转 Rosenbrock 函数,ABC,373790221,400.0314111994827613,0.0314111994827613,3.085490
1,CEC2022_F2,CEC2022 F2 平移旋转 Rosenbrock 函数,GABC,373790221,400.0861499857903709,0.0861499857903709,2.602098
