run,benchmark_id,benchmark_name,algorithm,seed,best_value,error,time
1,CEC2022_F2,CEC2022 F2 平移旋转 Rosenbrock 函数,ABC,3716608526,400.0738223942972809,0.0738223942972809,3.215843
1,CEC2022_F2,CEC2022 F2 平移旋转 Rosenbrock 函数,GABC,3716608526,400.0631524923765596,0.0631524923765596,2.597698
