run,benchmark_id,benchmark_name,algorithm,seed,best_value,error,time
1,CEC2017_F4,CEC2017 F4 平移旋转 Rosenbrock 函数,ABC,907853720,400.1088337437441282,0.1088337437441282,3.101426
1,CEC2017_F4,CEC2017 F4 平移旋转 Rosenbrock 函数,GABC,907853720,400.8190379685315747,0.8190379685315747,2.492563
