run,benchmark_id,benchmark_name,algorithm,seed,best_value,error,time
1,CEC2022_F8,CEC2022 F8 混合函数 6,ABC,2383614966,2220.6698618168575194,20.6698618168575194,15.808704
1,CEC2022_F8,CEC2022 F8 混合函数 6,GABC,2383614966,2214.2329808743033936,14.2329808743033936,16.857062
