run,benchmark_id,benchmark_name,algorithm,seed,best_value,error,time
1,CEC2022_F9,CEC2022 F9 组合函数 1,ABC,3176244602,2534.2880788275433588,234.2880788275433588,11.136756
1,CEC2022_F9,CEC2022 F9 组合函数 1,GABC,3176244602,2529.2881691984225654,229.2881691984225654,11.744896
