run,benchmark_id,benchmark_name,algorithm,seed,best_value,error,time
1,CEC2022_F7,CEC2022 F7 混合函数 10,ABC,2056468121,2000.2202149249433205,0.2202149249433205,13.876991
1,CEC2022_F7,CEC2022 F7 混合函数 10,GABC,2056468121,2000.1769156291975378,0.1769156291975378,14.437021
