run,benchmark_id,benchmark_name,algorithm,seed,best_value,error,time
1,CEC2022_F1,CEC2022 F1 平移旋转 Zakharov 函数,ABC,2863493504,7512.5650283893883170,7212.5650283893883170,3.167182
1,CEC2022_F1,CEC2022 F1 平移旋转 Zakharov 函数,GABC,2863493504,7006.1681807425575244,6706.1681807425575244,2.785958
