run,benchmark_id,benchmark_name,algorithm,seed,best_value,error,time
1,CEC2022_F4,CEC2022 F4 非连续 Rastrigin 函数,ABC,4228697053,824.0573130512290163,24.0573130512290163,3.107761
1,CEC2022_F4,CEC2022 F4 非连续 Rastrigin 函数,GABC,4228697053,819.9583875014601517,19.9583875014601517,2.485948
