run,benchmark_id,benchmark_name,algorithm,seed,best_value,error,time
1,CEC2022_F6,CEC2022 F6 混合函数 2,ABC,2752621206,2003.1005005712320326,203.1005005712320326,5.513875
1,CEC2022_F6,CEC2022 F6 混合函数 2,GABC,2752621206,1850.1604409401998055,50.1604409401998055,4.584241
