run,benchmark_id,benchmark_name,algorithm,seed,best_value,error,time
1,CEC2017_F5,CEC2017 F5 平移旋转 Rastrigin 函数,ABC,3546832439,509.0914610089141661,9.0914610089141661,3.348088
1,CEC2017_F5,CEC2017 F5 平移旋转 Rastrigin 函数,GABC,3546832439,509.4686151298637924,9.4686151298637924,2.512249
