run,benchmark_id,benchmark_name,algorithm,seed,best_value,error,time
1,CEC2022_F4,CEC2022 F4 非连续 Rastrigin 函数,ABC,3455558706,821.1200211723543134,21.1200211723543134,3.030448
1,CEC2022_F4,CEC2022 F4 非连续 Rastrigin 函数,GABC,3455558706,814.9538308912750608,14.9538308912750608,2.449935
