run,benchmark_id,benchmark_name,algorithm,seed,best_value,error,time
1,CEC2022_F11,CEC2022 F11 组合函数 6,ABC,3390009643,2602.8838042187499013,2.8838042187499013,16.234307
1,CEC2022_F11,CEC2022 F11 组合函数 6,GABC,3390009643,2600.2456684683852473,0.2456684683852473,17.341845
