run,benchmark_id,benchmark_name,algorithm,seed,best_value,error,time
1,CEC2022_F6,CEC2022 F6 混合函数 2,ABC,2690588887,2030.1940453596178031,230.1940453596178031,5.098910
1,CEC2022_F6,CEC2022 F6 混合函数 2,GABC,2690588887,6459.6637637331405131,4659.6637637331405131,4.847487
