run,benchmark_id,benchmark_name,algorithm,seed,best_value,error,time
1,CEC2022_F12,CEC2022 F12 组合函数 7,ABC,1864202669,2863.2199552366164426,163.2199552366164426,17.012356
1,CEC2022_F12,CEC2022 F12 组合函数 7,GABC,1864202669,2862.5715801778746936,162.5715801778746936,18.757325
