run,benchmark_id,benchmark_name,algorithm,seed,best_value,error,time
1,CEC2017_F3,CEC2017 F3 平移旋转 Zakharov 函数,ABC,1312785812,9281.3646993742568156,8981.3646993742568156,3.332863
1,CEC2017_F3,CEC2017 F3 平移旋转 Zakharov 函数,GABC,1312785812,9747.4775024497776030,9447.4775024497776030,2.534497
