run,benchmark_id,benchmark_name,algorithm,seed,best_value,error,time
1,CEC2022_F1,CEC2022 F1 平移旋转 Zakharov 函数,ABC,2921666500,7501.0414213415297127,7201.0414213415297127,3.410677
1,CEC2022_F1,CEC2022 F1 平移旋转 Zakharov 函数,GABC,2921666500,4232.3465217559387384,3932.3465217559387384,2.640011
