run,benchmark_id,benchmark_name,algorithm,seed,best_value,error,time
1,CEC2022_F11,CEC2022 F11 组合函数 6,ABC,966229723,2602.7301875360217309,2.7301875360217309,15.780618
1,CEC2022_F11,CEC2022 F11 组合函数 6,GABC,966229723,2600.0000000000022737,0.0000000000022737,16.900520
