run,benchmark_id,benchmark_name,algorithm,seed,best_value,error,time
1,CEC2022_F12,CEC2022 F12 组合函数 7,ABC,2290551524,2866.3093781431698517,166.3093781431698517,17.516420
1,CEC2022_F12,CEC2022 F12 组合函数 7,GABC,2290551524,2860.2773780696807080,160.2773780696807080,19.768009
