run,benchmark_id,benchmark_name,algorithm,seed,best_value,error,time
1,CEC2022_F8,CEC2022 F8 混合函数 6,ABC,1866644878,2214.5214468797621521,14.5214468797621521,16.412540
1,CEC2022_F8,CEC2022 F8 混合函数 6,GABC,1866644878,2212.8881611959882321,12.8881611959882321,17.786414
