run,benchmark_id,benchmark_name,algorithm,seed,best_value,error,time
1,CEC2017_F5,CEC2017 F5 shifted rotated Rastrigin function,ABC,1232162299,508.9881933669688578,8.9881933669688578,2.877128
1,CEC2017_F5,CEC2017 F5 shifted rotated Rastrigin function,GABC,1232162299,508.0154885926232282,8.0154885926232282,2.325459
