run,benchmark_id,benchmark_name,algorithm,seed,best_value,error,time
1,CEC2022_F3,CEC2022 F3 平移旋转 Schaffer's F7 函数,ABC,230095988,600.0000004612968496,0.0000004612968496,3.166222
1,CEC2022_F3,CEC2022 F3 平移旋转 Schaffer's F7 函数,GABC,230095988,600.0000000716918294,0.0000000716918294,2.744738
