run,benchmark_id,benchmark_name,algorithm,seed,best_value,error,time
1,CEC2022_F5,CEC2022 F5 平移旋转 Levy 函数,ABC,1317263470,964.1995514443402726,64.1995514443402726,3.484716
1,CEC2022_F5,CEC2022 F5 平移旋转 Levy 函数,GABC,1317263470,970.0771514730745366,70.0771514730745366,3.014447
