run,benchmark_id,benchmark_name,algorithm,seed,best_value,error,time
1,CEC2022_F10,CEC2022 F10 组合函数 2,ABC,677896797,2400.1874476505581697,0.1874476505581697,11.068969
1,CEC2022_F10,CEC2022 F10 组合函数 2,GABC,677896797,2400.1249107076282598,0.1249107076282598,11.581357
