run,benchmark_id,benchmark_name,algorithm,seed,best_value,error,time
1,CEC2022_F7,CEC2022 F7 混合函数 10,ABC,1010659656,2001.5754771959063874,1.5754771959063874,13.748768
1,CEC2022_F7,CEC2022 F7 混合函数 10,GABC,1010659656,2000.0853072313218490,0.0853072313218490,15.766291
