run,benchmark_id,benchmark_name,algorithm,seed,best_value,error,time
1,CEC2022_F10,CEC2022 F10 组合函数 2,ABC,3803854636,2400.1253434635273152,0.1253434635273152,10.265819
1,CEC2022_F10,CEC2022 F10 组合函数 2,GABC,3803854636,2400.1873636248105868,0.1873636248105868,10.653725
