run,benchmark_id,benchmark_name,algorithm,seed,best_value,error,time
1,CEC2017_F1,CEC2017 F1 平移旋转 Bent Cigar 函数,ABC,2202026498,424.8834209600320833,324.8834209600320833,2.758927
1,CEC2017_F1,CEC2017 F1 平移旋转 Bent Cigar 函数,GABC,2202026498,5282.6895577306222549,5182.6895577306222549,2.277234
