run,benchmark_id,benchmark_name,algorithm,seed,best_value,error,time
1,CEC2022_F9,CEC2022 F9 组合函数 1,ABC,1814626256,2315.3868555100866615,15.3868555100866615,11.019204
1,CEC2022_F9,CEC2022 F9 组合函数 1,GABC,1814626256,2523.0522169160112753,223.0522169160112753,11.667735
