run,benchmark_id,benchmark_name,algorithm,seed,best_value,error,time
1,CEC2017_F6,CEC2017 F6 平移旋转 Schaffer's F7 函数,ABC,3653135427,601.3073453374353221,1.3073453374353221,3.205317
1,CEC2017_F6,CEC2017 F6 平移旋转 Schaffer's F7 函数,GABC,3653135427,603.3550748059997204,3.3550748059997204,2.532892
